{
  "$schema": "https://raw.githubusercontent.com/martinring/tmlanguage/master/tmlanguage.json",
  "name": "jtemplate",
  "patterns": [
    {
      "include": "text.html.basic"
    },
    {
      "include": "#jtemplate"
    }
  ],
  "repository": {
    "jtemplate": {
      "patterns": [
        {
          "begin": "(<%(=))",
          "end": "(%>)",
          "beginCaptures": {
            "1": {
              "name": "support.type.jtemplate"
            },
            "2": {
              "name": "support.operator.jtemplate"
            }
          },
          "endCaptures": {
            "1": {
              "name": "support.type.jtemplate"
            }
          },
          "name": "interpolation.jtemplate"
        },
        {
          "begin": "(<%)",
          "end": "(%>)",
          "beginCaptures": {
            "1": {
              "name": "support.type.jtemplate"
            }
          },
          "endCaptures": {
            "1": {
              "name": "support.type.jtemplate"
            }
          },
          "name": "js.jtemplate"
        }
      ]
    }
  },
  "scopeName": "source.tmpl"
}
