{
  "/__docusaurus/debug-77b": {
    "component": "component---theme-debug-config-23-a-2ff",
    "__routeContextModule": "__routeContextModule---docusaurus-debug-3-d-3-a50"
  },
  "/__docusaurus/debug/config-85f": {
    "component": "component---theme-debug-config-23-a-2ff",
    "__routeContextModule": "__routeContextModule---docusaurus-debug-3-d-3-a50"
  },
  "/__docusaurus/debug/content-da1": {
    "component": "component---theme-debug-contentba-8-ce7",
    "allContent": "allContent---docusaurus-debug-content-246-9aa",
    "__routeContextModule": "__routeContextModule---docusaurus-debug-3-d-3-a50"
  },
  "/__docusaurus/debug/globalData-f95": {
    "component": "component---theme-debug-global-dataede-0fa",
    "__routeContextModule": "__routeContextModule---docusaurus-debug-3-d-3-a50"
  },
  "/__docusaurus/debug/metadata-82f": {
    "component": "component---theme-debug-site-metadata-68-e-3d4",
    "__routeContextModule": "__routeContextModule---docusaurus-debug-3-d-3-a50"
  },
  "/__docusaurus/debug/registry-dac": {
    "component": "component---theme-debug-registry-679-501",
    "__routeContextModule": "__routeContextModule---docusaurus-debug-3-d-3-a50"
  },
  "/__docusaurus/debug/routes-80f": {
    "component": "component---theme-debug-routes-946-699",
    "__routeContextModule": "__routeContextModule---docusaurus-debug-3-d-3-a50"
  },
  "/blog-c72": {
    "component": "component---theme-blog-list-pagea-6-a-7ba",
    "sidebar": "sidebar---blog-814-8ac",
    "items": [
      {
        "content": "content---blog-766-e3c"
      },
      {
        "content": "content---blogf-4-f-cd7"
      },
      {
        "content": "content---blog-871-381"
      },
      {
        "content": "content---blog-925-e00"
      }
    ],
    "metadata": "metadata---blogb-2-b-df1",
    "__routeContextModule": "__routeContextModule---blogb-63-ca0"
  },
  "/blog/archive-491": {
    "component": "component---theme-blog-archive-page-9-e-4-1d8",
    "archive": "archive---blog-archiveb-2-f-393",
    "__routeContextModule": "__routeContextModule---blogb-63-ca0"
  },
  "/blog/first-blog-post-ae2": {
    "component": "component---theme-blog-post-pageccc-cab",
    "sidebar": "sidebar---blog-814-8ac",
    "content": "content---blog-first-blog-poste-27-4a1",
    "__routeContextModule": "__routeContextModule---blogb-63-ca0"
  },
  "/blog/long-blog-post-b20": {
    "component": "component---theme-blog-post-pageccc-cab",
    "sidebar": "sidebar---blog-814-8ac",
    "content": "content---blog-long-blog-post-736-bc7",
    "__routeContextModule": "__routeContextModule---blogb-63-ca0"
  },
  "/blog/mdx-blog-post-164": {
    "component": "component---theme-blog-post-pageccc-cab",
    "sidebar": "sidebar---blog-814-8ac",
    "content": "content---blog-mdx-blog-post-593-37b",
    "__routeContextModule": "__routeContextModule---blogb-63-ca0"
  },
  "/blog/tags-5f5": {
    "component": "component---theme-blog-tags-list-page-01-a-d0b",
    "sidebar": "sidebar---blog-814-8ac",
    "tags": "tags---blog-tagsa-70-da2",
    "__routeContextModule": "__routeContextModule---blogb-63-ca0"
  },
  "/blog/tags/docusaurus-c82": {
    "component": "component---theme-blog-tags-posts-page-687-b6c",
    "sidebar": "sidebar---blog-814-8ac",
    "items": [
      {
        "content": "content---blog-766-e3c"
      },
      {
        "content": "content---blogf-4-f-cd7"
      },
      {
        "content": "content---blog-871-381"
      },
      {
        "content": "content---blog-925-e00"
      }
    ],
    "metadata": "metadata---blog-tags-docusaurusa-80-728",
    "listMetadata": "listMetadata---blog-tags-docusaurus-608-c09",
    "__routeContextModule": "__routeContextModule---blogb-63-ca0"
  },
  "/blog/tags/facebook-17e": {
    "component": "component---theme-blog-tags-posts-page-687-b6c",
    "sidebar": "sidebar---blog-814-8ac",
    "items": [
      {
        "content": "content---blog-766-e3c"
      }
    ],
    "metadata": "metadata---blog-tags-facebook-031-c52",
    "listMetadata": "listMetadata---blog-tags-facebook-096-d31",
    "__routeContextModule": "__routeContextModule---blogb-63-ca0"
  },
  "/blog/tags/hello-b81": {
    "component": "component---theme-blog-tags-posts-page-687-b6c",
    "sidebar": "sidebar---blog-814-8ac",
    "items": [
      {
        "content": "content---blog-766-e3c"
      },
      {
        "content": "content---blog-871-381"
      }
    ],
    "metadata": "metadata---blog-tags-hello-30-a-bed",
    "listMetadata": "listMetadata---blog-tags-hello-664-70a",
    "__routeContextModule": "__routeContextModule---blogb-63-ca0"
  },
  "/blog/tags/hola-243": {
    "component": "component---theme-blog-tags-posts-page-687-b6c",
    "sidebar": "sidebar---blog-814-8ac",
    "items": [
      {
        "content": "content---blog-925-e00"
      }
    ],
    "metadata": "metadata---blog-tags-holae-16-18a",
    "listMetadata": "listMetadata---blog-tags-hola-4-c-9-a24",
    "__routeContextModule": "__routeContextModule---blogb-63-ca0"
  },
  "/blog/welcome-4cd": {
    "component": "component---theme-blog-post-pageccc-cab",
    "sidebar": "sidebar---blog-814-8ac",
    "content": "content---blog-welcomed-9-f-ffb",
    "__routeContextModule": "__routeContextModule---blogb-63-ca0"
  },
  "/markdown-page-b78": {
    "component": "component---theme-mdx-page-1-f-3-b90",
    "content": "content---markdown-page-393-028",
    "__routeContextModule": "__routeContextModule---markdown-pagea-97-53d"
  },
  "/docs-2f6": {
    "component": "component---theme-doc-page-1-be-9be",
    "versionMetadata": "versionMetadata---docs-935-398",
    "__routeContextModule": "__routeContextModule---docsbdb-3d0"
  },
  "/docs/intro-aed": {
    "component": "component---theme-doc-item-178-a40",
    "content": "content---docs-intro-0-e-3-be1"
  },
  "/docs/tutorial-basics/-f3e": {
    "component": "component---theme-doc-item-178-a40",
    "content": "content---docs-tutorial-basics-585-b02"
  },
  "/-ced": {
    "component": "component---site-src-pages-index-jsc-4-f-f99",
    "config": "config---5-e-9-4f3",
    "__routeContextModule": "__routeContextModule---markdown-pagea-97-53d"
  }
}